"id","custom_id","name","text_content","description","markdown_description","status","orderindex","date_created","date_updated","date_closed","date_done","creator","assignees","watchers","priority","due_date","start_date","points","time_estimate","time_spent","list","folder","space","url","tags","parent","dependencies","linked_tasks","custom_fields_raw_json"
"86c9nc596","","ETQ utilisateur, je veux suivre le processus de publication afin de comprendre l’état de l’écriture Git","Description métier

L’utilisateur voit un feedback clair pendant Publish et Publish update : étapes, succès, erreur Git. Contrat UX transversal ; les détails fonctionnels des parcours sont dans 5u et 5z.

Périmètre

Inclus

Modale ou panneau de progression commun Publish / Publish update
Étapes : préparation changements, validation contrat/YAML, écriture repository, MD5, succès
État erreur compréhensible (dont Git)
Conservation du brouillon / révision si échec
Cohérence libellés avec doc produit

Exclus

Workflow d’approbation
Logs techniques bruts pour utilisateur final
Retry automatique avancé
Publication async longue + notifications externes
PR workflow Git

Critères d’acceptation

Ouverture progression au clic Publish / Publish update
Utilisateur voit chaque étape nommée (prep, validation, Git, checksum)
Succès explicite en fin de parcours
Erreur Git : message clair, pas Active
Échec : working copy / brouillon non perdu

Cas d’erreur / limites

Timeout repository → message + pas Active

Règles de gestion

Même composant progression pour première publish et update
Ne pas afficher succès avant fin pipeline backend

Validation fonctionnelle

UX : étapes proto (3) vs cible MVP (5) documentées
MVP : tests E2E affichage états

Hypothèses

Retry manuel acceptable MVP ; retry auto ultérieur

Validé sur prototype UX (référence démo)

PushToGitModal phases loading : Preparing, Updating version, Saving
Pas d’étapes séparées validation/Git/MD5 au prototype

Implémentation MVP cible

States machine publish exposée à l’UI
Brancher sur événements 5b, 5p, 5n

Hors périmètre prototype (exigence MVP conservée)

Écriture Git réelle et calcul MD5

Liens SP4 — Versioning (ne pas réimplémenter ici)

Parcours publish — 86c9n9a5u (première), 86c9n9a5z (update)
Détail push — 86c9n9a5p","Description métier

L’utilisateur voit un feedback clair pendant Publish et Publish update : étapes, succès, erreur Git. Contrat UX transversal ; les détails fonctionnels des parcours sont dans 5u et 5z.

Périmètre

Inclus

Modale ou panneau de progression commun Publish / Publish update
Étapes : préparation changements, validation contrat/YAML, écriture repository, MD5, succès
État erreur compréhensible (dont Git)
Conservation du brouillon / révision si échec
Cohérence libellés avec doc produit

Exclus

Workflow d’approbation
Logs techniques bruts pour utilisateur final
Retry automatique avancé
Publication async longue + notifications externes
PR workflow Git

Critères d’acceptation

Ouverture progression au clic Publish / Publish update
Utilisateur voit chaque étape nommée (prep, validation, Git, checksum)
Succès explicite en fin de parcours
Erreur Git : message clair, pas Active
Échec : working copy / brouillon non perdu

Cas d’erreur / limites

Timeout repository → message + pas Active

Règles de gestion

Même composant progression pour première publish et update
Ne pas afficher succès avant fin pipeline backend

Validation fonctionnelle

UX : étapes proto (3) vs cible MVP (5) documentées
MVP : tests E2E affichage états

Hypothèses

Retry manuel acceptable MVP ; retry auto ultérieur

Validé sur prototype UX (référence démo)

PushToGitModal phases loading : Preparing, Updating version, Saving
Pas d’étapes séparées validation/Git/MD5 au prototype

Implémentation MVP cible

States machine publish exposée à l’UI
Brancher sur événements 5b, 5p, 5n

Hors périmètre prototype (exigence MVP conservée)

Écriture Git réelle et calcul MD5

Liens SP4 — Versioning (ne pas réimplémenter ici)

Parcours publish — 86c9n9a5u (première), 86c9n9a5z (update)
Détail push — 86c9n9a5p","Description métier

L’utilisateur voit un feedback clair pendant Publish et Publish update : étapes, succès, erreur Git. Contrat UX transversal ; les détails fonctionnels des parcours sont dans 5u et 5z.

Périmètre

Inclus

*   Modale ou panneau de progression commun Publish / Publish update
*   Étapes : préparation changements, validation contrat/YAML, écriture repository, MD5, succès
*   État erreur compréhensible (dont Git)
*   Conservation du brouillon / révision si échec
*   Cohérence libellés avec doc produit

Exclus

*   Workflow d’approbation
*   Logs techniques bruts pour utilisateur final
*   Retry automatique avancé
*   Publication async longue + notifications externes
*   PR workflow Git

Critères d’acceptation

*   Ouverture progression au clic Publish / Publish update
*   Utilisateur voit chaque étape nommée (prep, validation, Git, checksum)
*   Succès explicite en fin de parcours
*   Erreur Git : message clair, pas Active
*   Échec : working copy / brouillon non perdu

Cas d’erreur / limites

*   Timeout repository → message + pas Active

Règles de gestion

*   Même composant progression pour première publish et update
*   Ne pas afficher succès avant fin pipeline backend

Validation fonctionnelle

*   UX : étapes proto (3) vs cible MVP (5) documentées
*   MVP : tests E2E affichage états

Hypothèses

*   Retry manuel acceptable MVP ; retry auto ultérieur

Validé sur prototype UX (référence démo)

*   PushToGitModal phases loading : Preparing, Updating version, Saving
*   Pas d’étapes séparées validation/Git/MD5 au prototype

Implémentation MVP cible

*   States machine publish exposée à l’UI
*   Brancher sur événements 5b, 5p, 5n

Hors périmètre prototype (exigence MVP conservée)

*   Écriture Git réelle et calcul MD5

Liens SP4 — Versioning (ne pas réimplémenter ici)

*   Parcours publish — 86c9n9a5u (première), 86c9n9a5z (update)
*   Détail push — 86c9n9a5p","a faire","33856245.00252580000000000000000000000000","2026-05-05T18:36:21.901Z","2026-05-20T12:04:54.575Z","","","Vincent Ghislain","","Vincent Ghislain <vincent.ghislain@lonestone.io>","normal","","","","","","SP5 - Publish & Gitops","Data Contract Studio","901510922066","https://app.clickup.com/t/86c9nc596","publication","","","","[]"
"86c9n9a5z","","ETQ utilisateur, je veux publier une mise à jour afin de créer une nouvelle version active","Description métier

Depuis une révision ouverte (working copy), le Publisher documente les changements, choisit Update ou Breaking, confirme la publication. Le système génère le YAML, pousse Git, MD5, active la nouvelle version et déprécie l’ancienne Active.

Périmètre

Inclus

Bouton Publish update
Modale Publish new version (nom, version cible, champs)
Champ What changed? / changelog
Choix Update (minor) ou Breaking (major)
CTA dynamique Publish vX.Y.Z
Validation publishable + génération YAML
Git + MD5 + métadonnées
Ancienne Active → Deprecated automatiquement
Support publication gouvernance seule (Option B) si produit validé

Exclus

Détection auto bloquante breaking changes
Approval workflow
AI diff summary
Rollback version publiée depuis UI
Publication sans Git
New version / Discard (SP4)

Critères d’acceptation

Publish update ouvre modale avec résumé contrat et version cible
Commentaire éditable ; défaut auto-généré si vide
Bump minor ou major selon choix
Blocage si aucun changement depuis dernière publication (SP4)
Option B : publish autorisé si seule gouvernance a changé (SP4)
Succès → nouvelle Active + deprecated précédente

Cas d’erreur / limites

No changes → publish indisponible (SP4)
Git fail → révision conservée

Règles de gestion

SemVer appliqué à la confirmation publish, pas à New version
Changelog persisté avec la version

Validation fonctionnelle

UX : bump cards, PUBLISH_GOVERNANCE_ONLY_NOTE, summarizeChangesSince
MVP : API publish-update + deprecated auto

Liens / dépendances SP5

Le détail des étapes visuelles de progression, des états intermédiaires et des messages d’erreur de la modale de publication est porté par l’US 86c9nc596.

Hypothèses

Breaking = major bump uniquement via choix utilisateur

Validé sur prototype UX (référence démo)

PushToGitModal bump minor/major, buildDefaultPublishChangelog
publishChangeKind governance_only

Implémentation MVP cible

API publish-update avec type bump + changelog
Intégration 5p, 5n, règles deprecated

Hors périmètre prototype (exigence MVP conservée)

Push Git réel

Liens SP4 — Versioning (ne pas réimplémenter ici)

86c9n9a5e — Publication readiness (panneau, score, navigation champs)
CREATE SP4 — No changes to publish (blocage sans delta)
CREATE SP4 — Publish gouvernance seule (Option B, YAML inchangé)
New version — 86c9n9a5x","Description métier

Depuis une révision ouverte (working copy), le Publisher documente les changements, choisit Update ou Breaking, confirme la publication. Le système génère le YAML, pousse Git, MD5, active la nouvelle version et déprécie l’ancienne Active.

Périmètre

Inclus

Bouton Publish update
Modale Publish new version (nom, version cible, champs)
Champ What changed? / changelog
Choix Update (minor) ou Breaking (major)
CTA dynamique Publish vX.Y.Z
Validation publishable + génération YAML
Git + MD5 + métadonnées
Ancienne Active → Deprecated automatiquement
Support publication gouvernance seule (Option B) si produit validé

Exclus

Détection auto bloquante breaking changes
Approval workflow
AI diff summary
Rollback version publiée depuis UI
Publication sans Git
New version / Discard (SP4)

Critères d’acceptation

Publish update ouvre modale avec résumé contrat et version cible
Commentaire éditable ; défaut auto-généré si vide
Bump minor ou major selon choix
Blocage si aucun changement depuis dernière publication (SP4)
Option B : publish autorisé si seule gouvernance a changé (SP4)
Succès → nouvelle Active + deprecated précédente

Cas d’erreur / limites

No changes → publish indisponible (SP4)
Git fail → révision conservée

Règles de gestion

SemVer appliqué à la confirmation publish, pas à New version
Changelog persisté avec la version

Validation fonctionnelle

UX : bump cards, PUBLISH_GOVERNANCE_ONLY_NOTE, summarizeChangesSince
MVP : API publish-update + deprecated auto

Liens / dépendances SP5

Le détail des étapes visuelles de progression, des états intermédiaires et des messages d’erreur de la modale de publication est porté par l’US 86c9nc596.

Hypothèses

Breaking = major bump uniquement via choix utilisateur

Validé sur prototype UX (référence démo)

PushToGitModal bump minor/major, buildDefaultPublishChangelog
publishChangeKind governance_only

Implémentation MVP cible

API publish-update avec type bump + changelog
Intégration 5p, 5n, règles deprecated

Hors périmètre prototype (exigence MVP conservée)

Push Git réel

Liens SP4 — Versioning (ne pas réimplémenter ici)

86c9n9a5e — Publication readiness (panneau, score, navigation champs)
CREATE SP4 — No changes to publish (blocage sans delta)
CREATE SP4 — Publish gouvernance seule (Option B, YAML inchangé)
New version — 86c9n9a5x","Description métier

Depuis une révision ouverte (working copy), le Publisher documente les changements, choisit Update ou Breaking, confirme la publication. Le système génère le YAML, pousse Git, MD5, active la nouvelle version et déprécie l’ancienne Active.

Périmètre

Inclus

*   Bouton Publish update
*   Modale Publish new version (nom, version cible, champs)
*   Champ What changed? / changelog
*   Choix Update (minor) ou Breaking (major)
*   CTA dynamique Publish vX.Y.Z
*   Validation publishable + génération YAML
*   Git + MD5 + métadonnées
*   Ancienne Active → Deprecated automatiquement
*   Support publication gouvernance seule (Option B) si produit validé

Exclus

*   Détection auto bloquante breaking changes
*   Approval workflow
*   AI diff summary
*   Rollback version publiée depuis UI
*   Publication sans Git
*   New version / Discard (SP4)

Critères d’acceptation

*   Publish update ouvre modale avec résumé contrat et version cible
*   Commentaire éditable ; défaut auto-généré si vide
*   Bump minor ou major selon choix
*   Blocage si aucun changement depuis dernière publication (SP4)
*   Option B : publish autorisé si seule gouvernance a changé (SP4)
*   Succès → nouvelle Active + deprecated précédente

Cas d’erreur / limites

*   No changes → publish indisponible (SP4)
*   Git fail → révision conservée

Règles de gestion

*   SemVer appliqué à la confirmation publish, pas à New version
*   Changelog persisté avec la version

Validation fonctionnelle

*   UX : bump cards, PUBLISH\_GOVERNANCE\_ONLY\_NOTE, summarizeChangesSince
*   MVP : API publish-update + deprecated auto

Liens / dépendances SP5

*   Le détail des étapes visuelles de progression, des états intermédiaires et des messages d’erreur de la modale de publication est porté par l’US `86c9nc596`.

Hypothèses

*   Breaking = major bump uniquement via choix utilisateur

Validé sur prototype UX (référence démo)

*   PushToGitModal bump minor/major, buildDefaultPublishChangelog
*   publishChangeKind governance\_only

Implémentation MVP cible

*   API publish-update avec type bump + changelog
*   Intégration 5p, 5n, règles deprecated

Hors périmètre prototype (exigence MVP conservée)

*   Push Git réel

Liens SP4 — Versioning (ne pas réimplémenter ici)

*   86c9n9a5e — Publication readiness (panneau, score, navigation champs)
*   CREATE SP4 — No changes to publish (blocage sans delta)
*   CREATE SP4 — Publish gouvernance seule (Option B, YAML inchangé)
*   New version — 86c9n9a5x","a faire","33856289.00060430000000000000000000000000","2026-05-05T14:50:43.070Z","2026-05-20T12:04:54.383Z","","","Vincent Ghislain","","Vincent Ghislain <vincent.ghislain@lonestone.io>","high","","","","","","SP5 - Publish & Gitops","Data Contract Studio","901510922066","https://app.clickup.com/t/86c9n9a5z","publication","","","","[]"
"86c9n9a5u","","ETQ utilisateur, je veux publier une première version afin de rendre un contrat actif","Description métier

Depuis un contrat éditable (draft ou proposed après Start drafting), le Publisher publie la première version : validation, YAML, Git, MD5, passage Active v1.0.0, verrouillage. Le prototype valide la modale et le parcours ; le MVP exécute Git et persistance réels.

Périmètre

Inclus

Bouton Publish (première publication)
Ouverture modale / panneau publish (voir aussi nc596 pour étapes)
Validation publishable (readiness SP4 + 5b)
Génération YAML ODCS
Orchestration : validation → Git (5p) → MD5 (5n) → Active
Version v1.0.0 sans choix minor/major
Verrouillage après succès
Feedback succès / erreur

Exclus

Choix minor/major (réservé publish update — 5z)
Approval workflow
Publication sans Git
Publication si validation échoue
Readiness panel (SP4 5e)
Blocage no-changes (première publish — SP4 CREATE si applicable)

Critères d’acceptation

Publish visible si Publisher + contrat publiable (SP4 readiness)
Première version = v1.0.0 affichée après succès
Étapes visibles : préparation, validation, repository, succès (nc596)
Échec Git ou validation → pas Active, brouillon conservé
Succès → contrat Active verrouillé + entrée historique

Cas d’erreur / limites

Validation bloquante → modale ou message, pas de Git
Git down → message explicite, draft intact

Règles de gestion

Publisher seul (rôle owner prototype)
Pipeline publish atomique

Validation fonctionnelle

UX : PushToGitModal première publication, seedContracts
MVP : E2E publish draft → Git + MD5 + active

Hypothèses

Progression async courte acceptable MVP

Validé sur prototype UX (référence démo)

PushToGitModal isFirstPublish, pas de bump minor/major
validateContract + hasAnyChangeSinceLastPublish (hors 1ère publish)
PUBLISH_MODAL_SUBTITLE, étapes simulées 3 phases

Implémentation MVP cible

API POST publish-first-version
Appel enchaîné 5b → 5p → 5n

Hors périmètre prototype (exigence MVP conservée)

Git réel, MD5 réel, commit SHA production

Liens SP4 — Versioning (ne pas réimplémenter ici)

86c9n9a5e — Publication readiness (panneau, score, navigation champs)
CREATE SP4 — No changes to publish (blocage sans delta)
86c9n9a6m — Section Versions (timeline, affichage audit)","Description métier

Depuis un contrat éditable (draft ou proposed après Start drafting), le Publisher publie la première version : validation, YAML, Git, MD5, passage Active v1.0.0, verrouillage. Le prototype valide la modale et le parcours ; le MVP exécute Git et persistance réels.

Périmètre

Inclus

Bouton Publish (première publication)
Ouverture modale / panneau publish (voir aussi nc596 pour étapes)
Validation publishable (readiness SP4 + 5b)
Génération YAML ODCS
Orchestration : validation → Git (5p) → MD5 (5n) → Active
Version v1.0.0 sans choix minor/major
Verrouillage après succès
Feedback succès / erreur

Exclus

Choix minor/major (réservé publish update — 5z)
Approval workflow
Publication sans Git
Publication si validation échoue
Readiness panel (SP4 5e)
Blocage no-changes (première publish — SP4 CREATE si applicable)

Critères d’acceptation

Publish visible si Publisher + contrat publiable (SP4 readiness)
Première version = v1.0.0 affichée après succès
Étapes visibles : préparation, validation, repository, succès (nc596)
Échec Git ou validation → pas Active, brouillon conservé
Succès → contrat Active verrouillé + entrée historique

Cas d’erreur / limites

Validation bloquante → modale ou message, pas de Git
Git down → message explicite, draft intact

Règles de gestion

Publisher seul (rôle owner prototype)
Pipeline publish atomique

Validation fonctionnelle

UX : PushToGitModal première publication, seedContracts
MVP : E2E publish draft → Git + MD5 + active

Hypothèses

Progression async courte acceptable MVP

Validé sur prototype UX (référence démo)

PushToGitModal isFirstPublish, pas de bump minor/major
validateContract + hasAnyChangeSinceLastPublish (hors 1ère publish)
PUBLISH_MODAL_SUBTITLE, étapes simulées 3 phases

Implémentation MVP cible

API POST publish-first-version
Appel enchaîné 5b → 5p → 5n

Hors périmètre prototype (exigence MVP conservée)

Git réel, MD5 réel, commit SHA production

Liens SP4 — Versioning (ne pas réimplémenter ici)

86c9n9a5e — Publication readiness (panneau, score, navigation champs)
CREATE SP4 — No changes to publish (blocage sans delta)
86c9n9a6m — Section Versions (timeline, affichage audit)","Description métier

Depuis un contrat éditable (draft ou proposed après Start drafting), le Publisher publie la première version : validation, YAML, Git, MD5, passage Active v1.0.0, verrouillage. Le prototype valide la modale et le parcours ; le MVP exécute Git et persistance réels.

Périmètre

Inclus

*   Bouton Publish (première publication)
*   Ouverture modale / panneau publish (voir aussi nc596 pour étapes)
*   Validation publishable (readiness SP4 + 5b)
*   Génération YAML ODCS
*   Orchestration : validation → Git (5p) → MD5 (5n) → Active
*   Version v1.0.0 sans choix minor/major
*   Verrouillage après succès
*   Feedback succès / erreur

Exclus

*   Choix minor/major (réservé publish update — 5z)
*   Approval workflow
*   Publication sans Git
*   Publication si validation échoue
*   Readiness panel (SP4 5e)
*   Blocage no-changes (première publish — SP4 CREATE si applicable)

Critères d’acceptation

*   Publish visible si Publisher + contrat publiable (SP4 readiness)
*   Première version = v1.0.0 affichée après succès
*   Étapes visibles : préparation, validation, repository, succès (nc596)
*   Échec Git ou validation → pas Active, brouillon conservé
*   Succès → contrat Active verrouillé + entrée historique

Cas d’erreur / limites

*   Validation bloquante → modale ou message, pas de Git
*   Git down → message explicite, draft intact

Règles de gestion

*   Publisher seul (rôle owner prototype)
*   Pipeline publish atomique

Validation fonctionnelle

*   UX : PushToGitModal première publication, seedContracts
*   MVP : E2E publish draft → Git + MD5 + active

Hypothèses

*   Progression async courte acceptable MVP

Validé sur prototype UX (référence démo)

*   PushToGitModal isFirstPublish, pas de bump minor/major
*   validateContract + hasAnyChangeSinceLastPublish (hors 1ère publish)
*   PUBLISH\_MODAL\_SUBTITLE, étapes simulées 3 phases

Implémentation MVP cible

*   API POST publish-first-version
*   Appel enchaîné 5b → 5p → 5n

Hors périmètre prototype (exigence MVP conservée)

*   Git réel, MD5 réel, commit SHA production

Liens SP4 — Versioning (ne pas réimplémenter ici)

*   86c9n9a5e — Publication readiness (panneau, score, navigation champs)
*   CREATE SP4 — No changes to publish (blocage sans delta)
*   86c9n9a6m — Section Versions (timeline, affichage audit)","a faire","33856288.00056630000000000000000000000000","2026-05-05T14:50:42.674Z","2026-05-20T12:04:54.633Z","","","Vincent Ghislain","","Vincent Ghislain <vincent.ghislain@lonestone.io>","high","","","","","","SP5 - Publish & Gitops","Data Contract Studio","901510922066","https://app.clickup.com/t/86c9n9a5u","publication","","","","[]"
"86c9n9a5n","","ETQ système, je veux générer et stocker un checksum MD5 à l’activation afin de garantir l’intégrité du contrat publié","Description métier

À chaque publication réussie, le système calcule un MD5 sur le YAML effectivement écrit dans Git, puis stocke ce checksum avec la version publiée. Complète SP4 (affichage / métadonnées) par le calcul sur l’artefact réel.

Périmètre

Inclus

Calcul MD5 sur le contenu YAML publié dans Git
Stockage immuable lié contrat + version
Nouveau checksum à chaque publication
Échec calcul → publish échoue (pas Active)
Exposition pour historique / audit (consommée par SP4 Versions)

Exclus

Signature électronique
API /verify publique complète
Algorithmes multiples / rotation

Critères d’acceptation

Première publication et update génèrent un checksum distinct
Checksum calculé sur le YAML réellement commité, pas sur un brouillon
Checksum publié non modifiable après coup
Échec MD5 empêche passage Active
Valeur visible dans l’historique (via SP4 6m / 60)

Cas d’erreur / limites

Git OK mais MD5 fail → rollback publish, brouillon conservé

Règles de gestion

MD5 obligatoire dès la première activation
Pas de checksum valide si Git a échoué (5p)

Validation fonctionnelle

Tests publish OK, payload identique, échec calcul

Hypothèses

MD5 suffit pour intégrité MVP ; SHA256 ultérieur si besoin

Validé sur prototype UX (référence démo)

Hash simulé dans gitHistory au prototype — pas de MD5 sur artefact Git réel

Implémentation MVP cible

Service checksum post-commit Git
Persistance liée PublishedVersion / métadonnées 60

Hors périmètre prototype (exigence MVP conservée)

Affichage UI timeline — SP4 86c9n9a6m

Liens SP4 — Versioning (ne pas réimplémenter ici)

86c9n9a60 — Métadonnées de publication (stockage, affichage MD5/commit)
86c9n9a6m — Section Versions (timeline, affichage audit)","Description métier

À chaque publication réussie, le système calcule un MD5 sur le YAML effectivement écrit dans Git, puis stocke ce checksum avec la version publiée. Complète SP4 (affichage / métadonnées) par le calcul sur l’artefact réel.

Périmètre

Inclus

Calcul MD5 sur le contenu YAML publié dans Git
Stockage immuable lié contrat + version
Nouveau checksum à chaque publication
Échec calcul → publish échoue (pas Active)
Exposition pour historique / audit (consommée par SP4 Versions)

Exclus

Signature électronique
API /verify publique complète
Algorithmes multiples / rotation

Critères d’acceptation

Première publication et update génèrent un checksum distinct
Checksum calculé sur le YAML réellement commité, pas sur un brouillon
Checksum publié non modifiable après coup
Échec MD5 empêche passage Active
Valeur visible dans l’historique (via SP4 6m / 60)

Cas d’erreur / limites

Git OK mais MD5 fail → rollback publish, brouillon conservé

Règles de gestion

MD5 obligatoire dès la première activation
Pas de checksum valide si Git a échoué (5p)

Validation fonctionnelle

Tests publish OK, payload identique, échec calcul

Hypothèses

MD5 suffit pour intégrité MVP ; SHA256 ultérieur si besoin

Validé sur prototype UX (référence démo)

Hash simulé dans gitHistory au prototype — pas de MD5 sur artefact Git réel

Implémentation MVP cible

Service checksum post-commit Git
Persistance liée PublishedVersion / métadonnées 60

Hors périmètre prototype (exigence MVP conservée)

Affichage UI timeline — SP4 86c9n9a6m

Liens SP4 — Versioning (ne pas réimplémenter ici)

86c9n9a60 — Métadonnées de publication (stockage, affichage MD5/commit)
86c9n9a6m — Section Versions (timeline, affichage audit)","Description métier

À chaque publication réussie, le système calcule un MD5 sur le YAML **effectivement écrit dans Git**, puis stocke ce checksum avec la version publiée. Complète SP4 (affichage / métadonnées) par le calcul sur l’artefact réel.

Périmètre

Inclus

*   Calcul MD5 sur le contenu YAML publié dans Git
*   Stockage immuable lié contrat + version
*   Nouveau checksum à chaque publication
*   Échec calcul → publish échoue (pas Active)
*   Exposition pour historique / audit (consommée par SP4 Versions)

Exclus

*   Signature électronique
*   API /verify publique complète
*   Algorithmes multiples / rotation

Critères d’acceptation

*   Première publication et update génèrent un checksum distinct
*   Checksum calculé sur le YAML réellement commité, pas sur un brouillon
*   Checksum publié non modifiable après coup
*   Échec MD5 empêche passage Active
*   Valeur visible dans l’historique (via SP4 6m / 60)

Cas d’erreur / limites

*   Git OK mais MD5 fail → rollback publish, brouillon conservé

Règles de gestion

*   MD5 obligatoire dès la première activation
*   Pas de checksum valide si Git a échoué (5p)

Validation fonctionnelle

*   Tests publish OK, payload identique, échec calcul

Hypothèses

*   MD5 suffit pour intégrité MVP ; SHA256 ultérieur si besoin

Validé sur prototype UX (référence démo)

*   Hash simulé dans gitHistory au prototype — pas de MD5 sur artefact Git réel

Implémentation MVP cible

*   Service checksum post-commit Git
*   Persistance liée PublishedVersion / métadonnées 60

Hors périmètre prototype (exigence MVP conservée)

*   Affichage UI timeline — SP4 86c9n9a6m

Liens SP4 — Versioning (ne pas réimplémenter ici)

*   86c9n9a60 — Métadonnées de publication (stockage, affichage MD5/commit)
*   86c9n9a6m — Section Versions (timeline, affichage audit)","a faire","33856221.00119060000000000000000000000000","2026-05-05T14:50:42.525Z","2026-05-20T12:04:53.625Z","","","Vincent Ghislain","","Vincent Ghislain <vincent.ghislain@lonestone.io>","high","","","","","","SP5 - Publish & Gitops","Data Contract Studio","901510922066","https://app.clickup.com/t/86c9n9a5n","checksum","","","","[]"
"86c9n9a5p","","ETQ système, je veux publier le YAML dans Git afin de versionner réellement chaque contrat activé","Description métier

Lors d’un Publish réussi côté métier, le système écrit le fichier YAML ODCS dans Git, crée un commit, stocke le hash. Si Git échoue, le contrat ne devient pas Active. Cœur GitOps du MVP.

Périmètre

Inclus

Écriture fichier YAML selon convention 5h
Création commit avec message explicite (contrat, version)
Stockage commit hash côté application
Gestion erreurs Git (repo down, conflit, permission)
Rollback applicatif : pas Active, brouillon conservé
Première publication et publish update

Exclus

PR review / merge workflow
Tags Git par version
Sync bidirectionnelle / import depuis Git
Écriture Git sur autosave

Critères d’acceptation

Publish valide → fichier présent dans Git + commit
Commit hash persisté et lié à la version
Erreur Git → pas Active, message utilisateur
Aucun checksum finalisé si Git échoue (5n)
Message commit contient identifiant contrat et version

Cas d’erreur / limites

Repo indisponible, conflit, erreur écriture — cas testés

Règles de gestion

Git uniquement à la publication, pas au Save draft / autosave
Orchestration après validation YAML (5b)

Validation fonctionnelle

Intégration repository, échec Git, pas de régression Active

Hypothèses

Credentials Git gérés hors UI (SP6 / infra)

Validé sur prototype UX (référence démo)

randomHash() simulé — PUBLISH_EXTERNAL_SYNC_NOTE
PushToGitModal : étapes Preparing / Saving sans appel Git

Implémentation MVP cible

Client Git / API repository réel
Transaction publish : validate → git push → md5 → active

Hors périmètre prototype (exigence MVP conservée)

Modale formulaire changelog — SP5 5u / 5z
Détail étapes UX — SP5 nc596

Liens SP4 — Versioning (ne pas réimplémenter ici)

86c9n9a55 — Autosave (pas d’écriture Git hors publish)
86c9n9a6m — Section Versions (timeline, affichage audit)
Commit hash affiché — alimenté par cette US","Description métier

Lors d’un Publish réussi côté métier, le système écrit le fichier YAML ODCS dans Git, crée un commit, stocke le hash. Si Git échoue, le contrat ne devient pas Active. Cœur GitOps du MVP.

Périmètre

Inclus

Écriture fichier YAML selon convention 5h
Création commit avec message explicite (contrat, version)
Stockage commit hash côté application
Gestion erreurs Git (repo down, conflit, permission)
Rollback applicatif : pas Active, brouillon conservé
Première publication et publish update

Exclus

PR review / merge workflow
Tags Git par version
Sync bidirectionnelle / import depuis Git
Écriture Git sur autosave

Critères d’acceptation

Publish valide → fichier présent dans Git + commit
Commit hash persisté et lié à la version
Erreur Git → pas Active, message utilisateur
Aucun checksum finalisé si Git échoue (5n)
Message commit contient identifiant contrat et version

Cas d’erreur / limites

Repo indisponible, conflit, erreur écriture — cas testés

Règles de gestion

Git uniquement à la publication, pas au Save draft / autosave
Orchestration après validation YAML (5b)

Validation fonctionnelle

Intégration repository, échec Git, pas de régression Active

Hypothèses

Credentials Git gérés hors UI (SP6 / infra)

Validé sur prototype UX (référence démo)

randomHash() simulé — PUBLISH_EXTERNAL_SYNC_NOTE
PushToGitModal : étapes Preparing / Saving sans appel Git

Implémentation MVP cible

Client Git / API repository réel
Transaction publish : validate → git push → md5 → active

Hors périmètre prototype (exigence MVP conservée)

Modale formulaire changelog — SP5 5u / 5z
Détail étapes UX — SP5 nc596

Liens SP4 — Versioning (ne pas réimplémenter ici)

86c9n9a55 — Autosave (pas d’écriture Git hors publish)
86c9n9a6m — Section Versions (timeline, affichage audit)
Commit hash affiché — alimenté par cette US","Description métier

Lors d’un Publish réussi côté métier, le système écrit le fichier YAML ODCS dans Git, crée un commit, stocke le hash. Si Git échoue, le contrat ne devient pas Active. Cœur GitOps du MVP.

Périmètre

Inclus

*   Écriture fichier YAML selon convention 5h
*   Création commit avec message explicite (contrat, version)
*   Stockage commit hash côté application
*   Gestion erreurs Git (repo down, conflit, permission)
*   Rollback applicatif : pas Active, brouillon conservé
*   Première publication et publish update

Exclus

*   PR review / merge workflow
*   Tags Git par version
*   Sync bidirectionnelle / import depuis Git
*   Écriture Git sur autosave

Critères d’acceptation

*   Publish valide → fichier présent dans Git + commit
*   Commit hash persisté et lié à la version
*   Erreur Git → pas Active, message utilisateur
*   Aucun checksum finalisé si Git échoue (5n)
*   Message commit contient identifiant contrat et version

Cas d’erreur / limites

*   Repo indisponible, conflit, erreur écriture — cas testés

Règles de gestion

*   Git uniquement à la publication, pas au Save draft / autosave
*   Orchestration après validation YAML (5b)

Validation fonctionnelle

*   Intégration repository, échec Git, pas de régression Active

Hypothèses

*   Credentials Git gérés hors UI (SP6 / infra)

Validé sur prototype UX (référence démo)

*   randomHash() simulé — PUBLISH\_EXTERNAL\_SYNC\_NOTE
*   PushToGitModal : étapes Preparing / Saving sans appel Git

Implémentation MVP cible

*   Client Git / API repository réel
*   Transaction publish : validate → git push → md5 → active

Hors périmètre prototype (exigence MVP conservée)

*   Modale formulaire changelog — SP5 5u / 5z
*   Détail étapes UX — SP5 nc596

Liens SP4 — Versioning (ne pas réimplémenter ici)

*   86c9n9a55 — Autosave (pas d’écriture Git hors publish)
*   86c9n9a6m — Section Versions (timeline, affichage audit)
*   Commit hash affiché — alimenté par cette US","a faire","33856238.00217080000000000000000000000000","2026-05-05T14:50:42.519Z","2026-05-20T12:04:53.867Z","","","Vincent Ghislain","","Vincent Ghislain <vincent.ghislain@lonestone.io>","high","","","","","","SP5 - Publish & Gitops","Data Contract Studio","901510922066","https://app.clickup.com/t/86c9n9a5p","gitops","","","","[]"
"86c9n9a5h","","ETQ système, je veux définir la structure Git des contrats afin de garantir un stockage prévisible des versions publiées","Description métier

Le MVP définit où et comment chaque YAML publié est stocké dans le dépôt Git : repo cible, chemins, nommage déterministe, stratégie de branche minimale. Prérequis à l’écriture réelle (5p).

Périmètre

Inclus

Repo cible configurable
Convention de dossiers et nommage fichier déterministe
Plusieurs contrats et plusieurs versions par contrat
Stratégie de branche par défaut documentée
Gestion des conflits de nom / chemin
Documentation technique pour équipes data / platform

Exclus

Multi-repo complexe
Branches par client avancées
Tags Git par fichier
PR workflow complet
CI/CD complet

Critères d’acceptation

Convention de chemin documentée et appliquée par 5p
Deux contrats ne collisionnent pas
Versions successives d’un contrat retrouvables dans Git
Erreurs de conflit prévues et testées

Cas d’erreur / limites

Chemin existant avec contenu incompatible → erreur explicite

Règles de gestion

Git = source d’audit des artefacts YAML publiés
L’app édite le brouillon ; Git ne reçoit que les publish

Validation fonctionnelle

Revue technique convention
Tests multi-contrats / multi-versions / conflit

Hypothèses

Un repo unique MVP suffit pour la vague courante

Validé sur prototype UX (référence démo)

Aucune convention Git réelle au prototype — message PUBLISH_EXTERNAL_SYNC_NOTE

Implémentation MVP cible

Spécification repo + implémentation utilisée par le service push 5p
Configuration environnement (URL, credentials hors scope US si SP6)

Hors périmètre prototype (exigence MVP conservée)

Push commit — US 86c9n9a5p

Liens SP4 — Versioning (ne pas réimplémenter ici)

86c9n9a60 — Métadonnées de publication (stockage, affichage MD5/commit)
Chemins cohérents avec métadonnées version stockées en base","Description métier

Le MVP définit où et comment chaque YAML publié est stocké dans le dépôt Git : repo cible, chemins, nommage déterministe, stratégie de branche minimale. Prérequis à l’écriture réelle (5p).

Périmètre

Inclus

Repo cible configurable
Convention de dossiers et nommage fichier déterministe
Plusieurs contrats et plusieurs versions par contrat
Stratégie de branche par défaut documentée
Gestion des conflits de nom / chemin
Documentation technique pour équipes data / platform

Exclus

Multi-repo complexe
Branches par client avancées
Tags Git par fichier
PR workflow complet
CI/CD complet

Critères d’acceptation

Convention de chemin documentée et appliquée par 5p
Deux contrats ne collisionnent pas
Versions successives d’un contrat retrouvables dans Git
Erreurs de conflit prévues et testées

Cas d’erreur / limites

Chemin existant avec contenu incompatible → erreur explicite

Règles de gestion

Git = source d’audit des artefacts YAML publiés
L’app édite le brouillon ; Git ne reçoit que les publish

Validation fonctionnelle

Revue technique convention
Tests multi-contrats / multi-versions / conflit

Hypothèses

Un repo unique MVP suffit pour la vague courante

Validé sur prototype UX (référence démo)

Aucune convention Git réelle au prototype — message PUBLISH_EXTERNAL_SYNC_NOTE

Implémentation MVP cible

Spécification repo + implémentation utilisée par le service push 5p
Configuration environnement (URL, credentials hors scope US si SP6)

Hors périmètre prototype (exigence MVP conservée)

Push commit — US 86c9n9a5p

Liens SP4 — Versioning (ne pas réimplémenter ici)

86c9n9a60 — Métadonnées de publication (stockage, affichage MD5/commit)
Chemins cohérents avec métadonnées version stockées en base","Description métier

Le MVP définit où et comment chaque YAML publié est stocké dans le dépôt Git : repo cible, chemins, nommage déterministe, stratégie de branche minimale. Prérequis à l’écriture réelle (5p).

Périmètre

Inclus

*   Repo cible configurable
*   Convention de dossiers et nommage fichier déterministe
*   Plusieurs contrats et plusieurs versions par contrat
*   Stratégie de branche par défaut documentée
*   Gestion des conflits de nom / chemin
*   Documentation technique pour équipes data / platform

Exclus

*   Multi-repo complexe
*   Branches par client avancées
*   Tags Git par fichier
*   PR workflow complet
*   CI/CD complet

Critères d’acceptation

*   Convention de chemin documentée et appliquée par 5p
*   Deux contrats ne collisionnent pas
*   Versions successives d’un contrat retrouvables dans Git
*   Erreurs de conflit prévues et testées

Cas d’erreur / limites

*   Chemin existant avec contenu incompatible → erreur explicite

Règles de gestion

*   Git = source d’audit des artefacts YAML publiés
*   L’app édite le brouillon ; Git ne reçoit que les publish

Validation fonctionnelle

*   Revue technique convention
*   Tests multi-contrats / multi-versions / conflit

Hypothèses

*   Un repo unique MVP suffit pour la vague courante

Validé sur prototype UX (référence démo)

*   Aucune convention Git réelle au prototype — message PUBLISH\_EXTERNAL\_SYNC\_NOTE

Implémentation MVP cible

*   Spécification repo + implémentation utilisée par le service push 5p
*   Configuration environnement (URL, credentials hors scope US si SP6)

Hors périmètre prototype (exigence MVP conservée)

*   Push commit — US 86c9n9a5p

Liens SP4 — Versioning (ne pas réimplémenter ici)

*   86c9n9a60 — Métadonnées de publication (stockage, affichage MD5/commit)
*   Chemins cohérents avec métadonnées version stockées en base","a faire","33856237.00211520000000000000000000000000","2026-05-05T14:50:42.256Z","2026-05-20T12:04:53.562Z","","","Vincent Ghislain","","Vincent Ghislain <vincent.ghislain@lonestone.io>","high","","","","","","SP5 - Publish & Gitops","Data Contract Studio","901510922066","https://app.clickup.com/t/86c9n9a5h","gitops","","","","[]"
"86c9n9a5b","","ETQ système, je veux valider le YAML ODCS avant publication afin d’éviter d’écrire un contrat invalide dans Git","Description métier

Avant toute publication, le système valide le payload YAML ODCS généré (convention P1, champs requis, schema) et bloque la suite si invalide. La validation UX du prototype existe ; le MVP exige le même contrôle côté API avant écriture Git.

Périmètre

Inclus

Validation du YAML généré à partir du contrat courant
Contrôle des champs fondamentaux et du schema requis pour publish
Messages d’erreur exploitables pour l’utilisateur
Blocage de publication et d’écriture Git si invalide
Même règles pour première publication et publish update
Tests automatisés API / service de validation

Exclus

Policies Zeenea avancées
Validation de règles qualité exécutables hors P1 publish
Approval workflow
Correction automatique IA

Critères d’acceptation

La validation s’exécute avant Publish / Publish update côté backend
Un YAML invalide empêche l’écriture Git et le passage Active
Les erreurs sont remontées à l’UI (readiness / modale publish)
Un YAML valide autorise la suite du pipeline publish (SP5 5p, 5n)
Tests : YAML valide, champs manquants, schema vide, sérialisation

Cas d’erreur / limites

Échec sérialisation → message utilisateur, pas de commit Git
Contrat publiable côté UI mais rejet API → message cohérent

Règles de gestion

Jamais Active si le YAML ODCS généré est invalide
Alignement avec validateContract / règles publish du prototype

Validation fonctionnelle

UX : validateContract + messages publishBlockUserMessage
MVP : tests API rejet publish + pas d’appel Git

Hypothèses

Les règles P1 publish restent la source de vérité métier

Validé sur prototype UX (référence démo)

validateContract dans contractValidation.ts avant ouverture publish
PushToGitModal bloque si !canPublish

Implémentation MVP cible

Endpoint ou service backend validate-before-publish
Réponse structurée (codes) consommée par readiness SP4 et modale SP5

Hors périmètre prototype (exigence MVP conservée)

Connexion repository — exécution dans 86c9n9a5p

Liens SP4 — Versioning (ne pas réimplémenter ici)

86c9n9a5e — Publication readiness (panneau, score, navigation champs)
Readiness bloque Publish en UI — complémentaire, pas doublon","Description métier

Avant toute publication, le système valide le payload YAML ODCS généré (convention P1, champs requis, schema) et bloque la suite si invalide. La validation UX du prototype existe ; le MVP exige le même contrôle côté API avant écriture Git.

Périmètre

Inclus

Validation du YAML généré à partir du contrat courant
Contrôle des champs fondamentaux et du schema requis pour publish
Messages d’erreur exploitables pour l’utilisateur
Blocage de publication et d’écriture Git si invalide
Même règles pour première publication et publish update
Tests automatisés API / service de validation

Exclus

Policies Zeenea avancées
Validation de règles qualité exécutables hors P1 publish
Approval workflow
Correction automatique IA

Critères d’acceptation

La validation s’exécute avant Publish / Publish update côté backend
Un YAML invalide empêche l’écriture Git et le passage Active
Les erreurs sont remontées à l’UI (readiness / modale publish)
Un YAML valide autorise la suite du pipeline publish (SP5 5p, 5n)
Tests : YAML valide, champs manquants, schema vide, sérialisation

Cas d’erreur / limites

Échec sérialisation → message utilisateur, pas de commit Git
Contrat publiable côté UI mais rejet API → message cohérent

Règles de gestion

Jamais Active si le YAML ODCS généré est invalide
Alignement avec validateContract / règles publish du prototype

Validation fonctionnelle

UX : validateContract + messages publishBlockUserMessage
MVP : tests API rejet publish + pas d’appel Git

Hypothèses

Les règles P1 publish restent la source de vérité métier

Validé sur prototype UX (référence démo)

validateContract dans contractValidation.ts avant ouverture publish
PushToGitModal bloque si !canPublish

Implémentation MVP cible

Endpoint ou service backend validate-before-publish
Réponse structurée (codes) consommée par readiness SP4 et modale SP5

Hors périmètre prototype (exigence MVP conservée)

Connexion repository — exécution dans 86c9n9a5p

Liens SP4 — Versioning (ne pas réimplémenter ici)

86c9n9a5e — Publication readiness (panneau, score, navigation champs)
Readiness bloque Publish en UI — complémentaire, pas doublon","Description métier

Avant toute publication, le système valide le payload YAML ODCS généré (convention P1, champs requis, schema) et bloque la suite si invalide. La validation UX du prototype existe ; le MVP exige le même contrôle côté API avant écriture Git.

Périmètre

Inclus

*   Validation du YAML généré à partir du contrat courant
*   Contrôle des champs fondamentaux et du schema requis pour publish
*   Messages d’erreur exploitables pour l’utilisateur
*   Blocage de publication et d’écriture Git si invalide
*   Même règles pour première publication et publish update
*   Tests automatisés API / service de validation

Exclus

*   Policies Zeenea avancées
*   Validation de règles qualité exécutables hors P1 publish
*   Approval workflow
*   Correction automatique IA

Critères d’acceptation

*   La validation s’exécute avant Publish / Publish update côté backend
*   Un YAML invalide empêche l’écriture Git et le passage Active
*   Les erreurs sont remontées à l’UI (readiness / modale publish)
*   Un YAML valide autorise la suite du pipeline publish (SP5 5p, 5n)
*   Tests : YAML valide, champs manquants, schema vide, sérialisation

Cas d’erreur / limites

*   Échec sérialisation → message utilisateur, pas de commit Git
*   Contrat publiable côté UI mais rejet API → message cohérent

Règles de gestion

*   Jamais Active si le YAML ODCS généré est invalide
*   Alignement avec validateContract / règles publish du prototype

Validation fonctionnelle

*   UX : validateContract + messages publishBlockUserMessage
*   MVP : tests API rejet publish + pas d’appel Git

Hypothèses

*   Les règles P1 publish restent la source de vérité métier

Validé sur prototype UX (référence démo)

*   validateContract dans contractValidation.ts avant ouverture publish
*   PushToGitModal bloque si !canPublish

Implémentation MVP cible

*   Endpoint ou service backend validate-before-publish
*   Réponse structurée (codes) consommée par readiness SP4 et modale SP5

Hors périmètre prototype (exigence MVP conservée)

*   Connexion repository — exécution dans 86c9n9a5p

Liens SP4 — Versioning (ne pas réimplémenter ici)

*   86c9n9a5e — Publication readiness (panneau, score, navigation champs)
*   Readiness bloque Publish en UI — complémentaire, pas doublon","a faire","33856290.00069000000000000000000000000000","2026-05-05T14:50:41.997Z","2026-05-20T12:04:53.271Z","","","Vincent Ghislain","","Vincent Ghislain <vincent.ghislain@lonestone.io>","high","","","","","","SP5 - Publish & Gitops","Data Contract Studio","901510922066","https://app.clickup.com/t/86c9n9a5b","technical foundation","","","","[]"